<?xml version="1.0" encoding="UTF-8"?>
<!DOCTYPE mapper PUBLIC "-//mybatis.org//DTD Mapper 3.0//EN" 
"http://mybatis.org/dtd/mybatis-3-mapper.dtd">

<mapper namespace="com.hwadee.tb.teacher.persistence.TeacherMapper">

	<cache />

	<select id="getBasicSituationByAccountId" parameterType="int"
		resultType="BasicSituation">
		SELECT * FROM t_t_jbqk
		WHERE account_id = ${_parameter}
	</select>

	<insert id="insertBasicSituation" parameterType="BasicSituation">
		INSERT INTO
		t_t_jbqk
		(teacher_total,
		teacher_in_total,
		teacher_regs,
		teacher_ins,
		teacher_outs,
		account_id)
		VALUES
		(#{teacher_total},
		#{teacher_in_total},
		#{teacher_regs},
		#{teacher_ins},
		#{teacher_outs},
		#{account_id});
	</insert>

	<update id="updateBasicSituation" parameterType="BasicSituation">
		UPDATE t_t_jbqk
		SET
		teacher_total = #{teacher_total},
		teacher_in_total =
		#{teacher_in_total},
		teacher_regs = #{teacher_regs},
		teacher_ins =
		#{teacher_ins},
		teacher_outs = #{teacher_outs},
		account_id =
		#{account_id}
		WHERE id = #{id}
	</update>

	<select id="getGgkByAccountId" parameterType="int" resultType="Ggk">
		SELECT * FROM t_t_ggk
		WHERE account_id = ${_parameter}
	</select>

	<select id="getGgkByCourseIdAndAccountId" parameterType="Ggk" resultType="Ggk">
		SELECT * FROM t_t_ggk
		WHERE account_id = #{account_id} and course_id = #{course_id}
	</select>

	<insert id="insertGgk" parameterType="Ggk">
		INSERT INTO t_t_ggk
		(course_id,
		leader_count,
		advance_count,
		major_count,
		double_count,
		benke_count,
		yanjiusheng_count,
		shengji_count,
		shengji2_count,
		guojia_count,
		guoji_count,
		account_id)
		VALUES
		(#{course_id},
		#{leader_count},
		#{advance_count},
		#{major_count},
		#{double_count},
		#{benke_count},
		#{yanjiusheng_count},
		#{shengji_count},
		#{shengji2_count},
		#{guojia_count},
		#{guoji_count},
		#{account_id})
	</insert>

	<update id="updateGgk" parameterType="Ggk">
		UPDATE t_t_ggk
		SET
		course_id
		= #{course_id},
		leader_count = #{leader_count},
		advance_count =
		#{advance_count},
		major_count = #{major_count},
		double_count =
		#{double_count},
		benke_count = #{benke_count},
		yanjiusheng_count =
		#{yanjiusheng_count},
		shengji_count = #{shengji_count},
		shengji2_count =
		#{shengji2_count},
		guojia_count = #{guojia_count},
		guoji_count =
		#{guoji_count},
		account_id = #{account_id}
		WHERE id = #{id}
	</update>


	<select id="getZydlByAccountId" parameterType="int" resultType="Zydl">
		SELECT * FROM t_t_zydl
		WHERE account_id = ${_parameter}
	</select>
	<select id="getZydlByMajorIdAndAccountId" parameterType="Zydl" resultType="Zydl">
		SELECT * FROM t_t_zydl
		WHERE account_id = #{account_id} and major_id = #{major_id}
	</select>
	<insert id="insertZydl" parameterType="Zydl">
		INSERT INTO t_t_zydl
		(
		major_id,
		professional,
		jiaoshishu_count,
		daitouren_count,
		zhicheng_count,
		shuangshixing_count,
		gugan_count,
		yanjiusheng_count,
		benke_count,
		shenjiyishang_count,
		shenjiyixia_count,
		guowai_count,
		guojia_count,
		account_id)
		VALUES
		(
		#{major_id},
		#{professional},
		#{jiaoshishu_count},
		#{daitouren_count},
		#{zhicheng_count},
		#{shuangshixing_count},
		#{gugan_count},
		#{yanjiusheng_count},
		#{benke_count},
		#{shenjiyishang_count},
		#{shenjiyixia_count},
		#{guowai_count},
		#{guojia_count},
		#{account_id})
	</insert>

	<update id="updateZydl" parameterType="Zydl">
		UPDATE t_t_zydl
		SET
		major_id = #{major_id},
		professional = #{professional},
		jiaoshishu_count = #{jiaoshishu_count},
		daitouren_count = #{daitouren_count},
		zhicheng_count = #{zhicheng_count},
		shuangshixing_count = #{shuangshixing_count},
		gugan_count = #{gugan_count},
		yanjiusheng_count = #{yanjiusheng_count},
		benke_count = #{benke_count},
		shenjiyishang_count = #{shenjiyishang_count},
		shenjiyixia_count = #{shenjiyixia_count},
		guowai_count = #{guowai_count},
		guojia_count = #{guojia_count},
		account_id = #{account_id}
		WHERE id = #{id}
	</update>
	
	<select id="getCourseById" parameterType="int" resultType="com.hwadee.tb.teacher.domain.Course">
		SELECT * FROM t_course
		WHERE id = ${_parameter}
	</select>
	<select id="getCourseList" parameterType="int" resultType="com.hwadee.tb.teacher.domain.Course">
		SELECT * FROM t_course
		WHERE type = ${_parameter}
	</select>
	<insert id="insertCourse" parameterType="com.hwadee.tb.teacher.domain.Course">
		INSERT INTO t_course
		(
		name,
		type)
		VALUES
		(
		#{name},
		#{type})
	</insert>
	<update id="updateCourse" parameterType="com.hwadee.tb.teacher.domain.Course">
		UPDATE t_course
		SET
		name = #{name}
		WHERE id = #{id}
	</update>
	<delete id="deleteCourse" parameterType="com.hwadee.tb.teacher.domain.Course">
		delete from  t_course where id=#{id}
	</delete>
</mapper>