<?xml version="1.0" encoding="UTF-8"?>

<beans xmlns="http://www.springframework.org/schema/beans"
	xmlns:xsi="http://www.w3.org/2001/XMLSchema-instance" xmlns:aop="http://www.springframework.org/schema/aop"
	xmlns:tx="http://www.springframework.org/schema/tx" xmlns:jdbc="http://www.springframework.org/schema/jdbc"
	xmlns:context="http://www.springframework.org/schema/context"
	xsi:schemaLocation="
     http://www.springframework.org/schema/context http://www.springframework.org/schema/context/spring-context-3.0.xsd
     http://www.springframework.org/schema/beans http://www.springframework.org/schema/beans/spring-beans-3.0.xsd
     http://www.springframework.org/schema/jdbc http://www.springframework.org/schema/jdbc/spring-jdbc-3.0.xsd
     http://www.springframework.org/schema/tx http://www.springframework.org/schema/tx/spring-tx-3.0.xsd
     http://www.springframework.org/schema/aop http://www.springframework.org/schema/aop/spring-aop-3.0.xsd">

	<bean id="propertyConfigurer"
		class="org.springframework.beans.factory.config.PropertyPlaceholderConfigurer">
		<property name="locations">
			<list>
				<value>/WEB-INF/prop/db.properties</value>
			</list>
		</property>
	</bean>

	<bean id="dataSource" destroy-method="close"
		class="org.apache.commons.dbcp.BasicDataSource">
		<property name="driverClassName">
			<value>${db.driver}</value>
		</property>
		<property name="url">
			<value>${db.url}</value>
		</property>
		<property name="username">
			<value>${db.user}</value>
		</property>
		<property name="password">
			<value>${db.pwd}</value>
		</property>
		<property name="maxActive">
			<value>${db.maxActive}</value>
		</property>
		<property name="maxIdle">
			<value>${db.maxIdle}</value>
		</property>
		<property name="maxWait">
			<value>${db.maxWait}</value>
		</property>
		<property name="validationQuery">
			<value>select count(1) from Dual</value>
		</property>
		<!-- test when get connection -->
		<property name="testOnBorrow">
			<value>true</value>
		</property>
		<!-- test when return connection to pool -->
		<property name="testOnReturn">
			<value>true</value>
		</property>
		<property name="testWhileIdle">
			<value>true</value>
		</property>
	</bean>

	<bean id="transactionManager"
		class="org.springframework.jdbc.datasource.DataSourceTransactionManager">
		<property name="dataSource" ref="dataSource" />
	</bean>

	<context:annotation-config />
	<tx:annotation-driven />
	
	<bean id="sqlSessionFactory" class="org.mybatis.spring.SqlSessionFactoryBean">
		<property name="dataSource" ref="dataSource" />
		<property name="typeAliasesPackage" value="com.hwadee.tb" />
		<!-- property name="configLocation" value="/WEB-INF/conf/myBatis.xml" / -->
	</bean>

	<bean class="org.mybatis.spring.mapper.MapperScannerConfigurer">
		<property name="basePackage" value="com.hwadee.tb" />
	</bean>

</beans>