<?xml version="1.0" encoding="UTF-8"?>

<beans xmlns="http://www.springframework.org/schema/beans"
	xmlns:xsi="http://www.w3.org/2001/XMLSchema-instance" xmlns:mvc="http://www.springframework.org/schema/mvc"
	xmlns:p="http://www.springframework.org/schema/p" xmlns:context="http://www.springframework.org/schema/context"
	xsi:schemaLocation="http://www.springframework.org/schema/beans
                    http://www.springframework.org/schema/beans/spring-beans-3.0.xsd
                    http://www.springframework.org/schema/context
                    http://www.springframework.org/schema/context/spring-context-3.0.xsd
                    http://www.springframework.org/schema/mvc
                    http://www.springframework.org/schema/mvc/spring-mvc-3.0.xsd">

	<context:component-scan base-package="com.hwadee.tb" />
	
	<mvc:annotation-driven />
	<mvc:resources mapping="/res/**" location="/res/" />
	
	<bean class="org.springframework.web.servlet.mvc.annotation.DefaultAnnotationHandlerMapping" />
	<bean class="org.springframework.web.servlet.mvc.annotation.AnnotationMethodHandlerAdapter" />
	<bean class="org.springframework.beans.factory.annotation.AutowiredAnnotationBeanPostProcessor" />
	<bean class="org.springframework.web.servlet.handler.BeanNameUrlHandlerMapping" />
	
	<bean class="org.springframework.web.servlet.view.ContentNegotiatingViewResolver">
		<property name="mediaTypes">
			<map>
				<entry key="json" value="application/json" />
				<entry key="xml" value="application/xml" />
				<entry key="html" value="text/html" />
			</map>
		</property>

		<property name="viewResolvers">
			<list>
				<bean class="org.springframework.web.servlet.view.BeanNameViewResolver" />
				
				<bean id="viewResolver" class="org.springframework.web.servlet.view.UrlBasedViewResolver">
					<property name="viewClass" value="org.springframework.web.servlet.view.JstlView" />
					<property name="prefix" value="/WEB-INF/jsp/" />
					<property name="suffix" value=".jsp" />
					
					<!-- property name="exposeRequestAttributes" value="true" />
					<property name="allowSessionOverride" value="true"/>
					<property name="exposeSessionAttributes" value="true" />
					<property name="exposeSpringMacroHelpers" value="true" />  -->
				</bean>
			</list>
		</property>
	</bean>
	
	<bean name="jsonView" class="org.springframework.web.servlet.view.json.MappingJacksonJsonView">
		<property name="encoding">
			<value type="org.codehaus.jackson.JsonEncoding">UTF8</value>
		</property>

		<property name="contentType" value="text/html;charset=UTF-8" />
	</bean>
	
	<bean id="multipartResolver" class="org.springframework.web.multipart.commons.CommonsMultipartResolver">
		<property name="maxUploadSize" value="6000000" />
	</bean>
	
	<!-- bean id="exceptionResolver" class="com.hwadee.ssp.core.handler.ExceptionHandler" />
	<bean id="exceptionResolver" class="org.springframework.web.servlet.handler.SimpleMappingExceptionResolver">
		<property name="defaultErrorView" value="/common/" />
		<property name="exceptionAttribute" value="ex" />
		 
		<property name="exceptionMappings">
			<props>
				<prop key="IOException">failure</prop>
				<prop key="java.sql.SQLException">failure</prop>
				<prop key="java.lang.RuntimeException">failure</prop>
			</props>
		</property>
	</bean -->
	
</beans>