<?xml version="1.0" encoding="UTF-8"?>
<!DOCTYPE mapper PUBLIC "-//mybatis.org//DTD Mapper 3.0//EN" 
"http://mybatis.org/dtd/mybatis-3-mapper.dtd">

<mapper namespace="com.hwadee.tb.teachingplan.persistence.TeachingplanMapper">

	<cache />

	<insert id="insertClasshour"  parameterType="Classhour" useGeneratedKeys="true" keyProperty="id">
		INSERT INTO t_t_classhour(professional, grade, course_name, opening_period, r_openingperiod,  class_number, r_classnumber,account_id)
		VALUES ( #{professional}, #{grade},  #{course_name},   #{opening_period},  #{r_openingperiod},   #{class_number},   #{r_classnumber},#{account_id});
	</insert>
	
	<update id="updateClasshour" parameterType="Classhour">
		UPDATE t_t_classhour
		SET 
		 r_openingperiod = #{r_openingperiod},
		 r_classnumber = #{r_classnumber},
		 account_id = #{account_id}
		WHERE id = #{id};
	</update>
	
	<resultMap type="Classhour" id="Teachingplanmap">
		<id column="id" property="id"/>
		<result column="professional" property="professional"/>
		<result column="grade" property="grade"/>
		<result column="course_name" property="course_name"/>
		<result column="opening_period" property="opening_period"/>
		<result column="r_openingperiod" property="r_openingperiod"/>
		<result column="class_number" property="class_number"/>
		<result column="r_classnumber" property="r_classnumber"/>
		<result column="account_id" property="account_id"/>
	</resultMap>
	
	<select id="getClasshourlist" parameterType="Classhour" resultMap="Teachingplanmap">
		SELECT id , professional , grade ,  course_name ,opening_period ,  r_openingperiod , class_number , r_classnumber , account_id FROM  t_t_classhour
		where professional=#{professional} and grade=#{grade} and account_id=#{account_id};
	</select>
	
	<insert id="insertTeachingplan"  parameterType="Teachingplan" useGeneratedKeys="true" keyProperty="id">
		INSERT INTO t_t_jxjh(file_name,course_type, training_room,out_schooltrain,account_id,file_name_path)
		VALUES (#{file_name},#{course_type},#{training_room},#{out_schooltrain},${account_id},file_name_path=#{file_name_path});
	</insert>
	
	<update id="updateTeachingplan" parameterType="Teachingplan">
		UPDATE t_t_jxjh SET 
		  professional = #{professional},
		  grade = #{grade},
		  file_name = #{file_name},
		  file_name_path=#{file_name_path},
		  course_type = #{course_type},
		  training_room = #{training_room},
		  out_schooltrain = #{out_schooltrain},
		  account_id = #{account_id}
		WHERE id = #{id};
	</update>
	
	<select id="getTeachingplan" parameterType="Teachingplan" resultType="Teachingplan">
		SELECT id , professional ,  grade , file_name , file_name_path,course_type , training_room , out_schooltrain,account_id FROM  t_t_jxjh
		where professional=#{professional} and grade=#{grade} and account_id=#{account_id};
	</select>
	
</mapper>