<?xml version="1.0" encoding="UTF-8"?>
<!DOCTYPE mapper PUBLIC "-//mybatis.org//DTD Mapper 3.0//EN" 
"http://mybatis.org/dtd/mybatis-3-mapper.dtd">

<mapper namespace="com.hwadee.tb.sign.persistence.SignMapper">

	<cache />

	<select id="testMysql" resultType="int">
		SELECT count(*) FROM t_account
	</select>

	<select id="getAccountByCodeAndPwd" parameterType="Account"
		resultType="Account">
		SELECT * FROM t_account
		WHERE CODE=#{code} AND
		PASSWORD=#{password}
	</select>

	<select id="getAccountByCodeOrUsername" parameterType="Account"
		resultType="Account">
		SELECT * FROM t_account
		WHERE CODE=#{code} OR
		USERNAME=#{username}
	</select>

	<insert id="insertAccount" parameterType="Account">
		INSERT INTO t_account
		(code,
		email,
		password,
		username)
		VALUES
		(#{code},
		#{email},
		#{password},
		#{username})
	</insert>

	<update id="updateAccount" parameterType="Account">
		UPDATE t_account
		SET 
		code = #{code},
		email = #{email},
		password = #{password},
		username = #{username}
		WHERE id
		= #{id}
	</update>

</mapper>