<?xml version="1.0" encoding="UTF-8"?>
<!DOCTYPE mapper PUBLIC "-//mybatis.org//DTD Mapper 3.0//EN" 
"http://mybatis.org/dtd/mybatis-3-mapper.dtd">

<mapper namespace="com.hwadee.tb.student.persistence.StudentMapper">

	<cache />

	<insert id="insertStudent"  parameterType="Student" useGeneratedKeys="true" keyProperty="id">
		insert into t_s_zypxqk(enterprise_persons,community_days,services_persons,tranning_persons,account_id) 
		values(#{enterprise_persons},#{community_days},#{services_persons},#{tranning_persons},#{account_id});
	</insert>
	
	<update id="updateStudent"  parameterType="Student">
		update t_s_zypxqk set enterprise_persons=#{enterprise_persons},community_days=#{community_days},services_persons=#{services_persons},tranning_persons=#{tranning_persons},
		account_id=#{account_id} where id = #{id}
	</update>
	
	<select id="getStudentByAccountId" parameterType="int" resultType="Student">
		SELECT * FROM t_s_zypxqk
		WHERE account_id = ${_parameter}
	</select>
	
	
	<insert id="insertSituation"  parameterType="Situation" useGeneratedKeys="true" keyProperty="id">
		insert into t_s_xsqk(cprofessional,cgrade,studentofnum,classesofnum,lossofnum,graduatestwocard,nationalnumber,provincialnumber,municipalnumber,account_id)
		values (#{cprofessional},#{cgrade},#{studentofnum},#{classesofnum},#{lossofnum},#{graduatestwocard},#{nationalnumber},#{provincialnumber},#{municipalnumber},#{account_id});
	</insert>
	
	<update id="updateSituation"  parameterType="Situation">
		UPDATE t_s_xsqk
		SET 
		  cprofessional = #{cprofessional},
		  cgrade = #{cgrade},
		  studentofnum = #{studentofnum},
		  classesofnum = #{classesofnum},
		  lossofnum= #{lossofnum},
		  graduatestwocard = #{graduatestwocard},
		  nationalnumber = #{nationalnumber},
		  provincialnumber = #{provincialnumber},
		  municipalnumber = #{municipalnumber},
		  account_id = #{account_id}
		WHERE id = #{id};
	</update>
	
	<select id="getSituationByAccountId" parameterType="int" resultType="Situation">
		SELECT * FROM t_s_xsqk
		WHERE account_id = ${_parameter}
	</select>
	
	<insert id="insertMajor"  parameterType="Major" useGeneratedKeys="true" keyProperty="id">
		INSERT INTO t_major(parent_id,NAME)
		VALUES (#{parent_id},#{name});
	</insert>
	
	<update id="updateMajor" parameterType="Major">
		UPDATE t_major
		SET 
		 parent_id = #{parent_id},
		 name = #{name}
		WHERE id = #{id};
	</update>
	
	<resultMap type="Major" id="Majormap">
		<id column="id" property="id"/>
		<result column="parent_id" property="parent_id"/>
		<result column="name" property="name"/>
	</resultMap>
	
	<select id="getMajorlist" parameterType="int" resultMap="Majormap">
		SELECT id , parent_id , name  FROM  t_major
		where parent_id=#{_parameter};
	</select>
	
	<select id="getMajorByid" parameterType="int" resultType="Major" >
		SELECT id , parent_id , name  FROM  t_major
		where id=#{_parameter};
	</select>
	
	<delete id="deleteMajor" parameterType="int">
		delete from  t_major where id=#{_parameter}
	</delete>

</mapper>