<?xml version="1.0" encoding="UTF-8"?>
<!DOCTYPE mapper PUBLIC "-//mybatis.org//DTD Mapper 3.0//EN" 
"http://mybatis.org/dtd/mybatis-3-mapper.dtd">

<mapper namespace="com.hwadee.tb.base.persistence.BaseMapper">

	<select id="getBxtjByAccountId" parameterType="int" resultType="Bxtj">
		SELECT * FROM t_b_bxtj
		WHERE account_id = ${_parameter}
	</select>

	<insert id="insertBxtj" parameterType="Bxtj">
		INSERT INTO t_b_bxtj
		(area,
		area_own,
		area_primary,
		area_rent,
		building_area,
		building_area_own,
		building_area_primary,
		building_area_rent,
		classrooms,
		classrooms_practice,
		beds,
		food_seats,
		library_books,
		electronic_books,
		newspapaer_count,
		magazine_count,
		reading_room_seats,
		electronic_seats,
		teacher_computers,
		teacher_laptop,
		budget_funds,
		finance_funds,
		debt,
		loan,
		device_funds,
		device_count,
		account_id)
		VALUES
		(#{area},
		#{area_own},
		#{area_primary},
		#{area_rent},
		#{building_area},
		#{building_area_own},
		#{building_area_primary},
		#{building_area_rent},
		#{classrooms},
		#{classrooms_practice},
		#{beds},
		#{food_seats},
		#{library_books},
		#{electronic_books},
		#{newspapaer_count},
		#{magazine_count},
		#{reading_room_seats},
		#{electronic_seats},
		#{teacher_computers},
		#{teacher_laptop},
		#{budget_funds},
		#{finance_funds},
		#{debt},
		#{loan},
		#{device_funds},
		#{device_count},
		#{account_id})
	</insert>

	<update id="updateBxtj" parameterType="Bxtj">
		UPDATE t_b_bxtj
		SET
		area =
		#{area},
		area_own = #{area_own},
		area_primary = #{area_primary},
		area_rent = #{area_rent},
		building_area = #{building_area},
		building_area_own = #{building_area_own},
		building_area_primary =
		#{building_area_primary},
		building_area_rent = #{building_area_rent},
		classrooms = #{classrooms},
		classrooms_practice =
		#{classrooms_practice},
		beds = #{beds},
		food_seats = #{food_seats},
		library_books = #{library_books},
		electronic_books =
		#{electronic_books},
		newspapaer_count = #{newspapaer_count},
		magazine_count = #{magazine_count},
		reading_room_seats =
		#{reading_room_seats},
		electronic_seats = #{electronic_seats},
		teacher_computers = #{teacher_computers},
		teacher_laptop =
		#{teacher_laptop},
		budget_funds = #{budget_funds},
		finance_funds =
		#{finance_funds},
		debt = #{debt},
		loan = #{loan},
		device_funds =
		#{device_funds},
		device_count = #{device_count},
		account_id =
		#{account_id}
		WHERE id = #{id}
	</update>

	<select id="getZykcjsByAccountId" parameterType="int"
		resultType="Zykcjs">
		SELECT * FROM t_b_zykcjs
		WHERE account_id = ${_parameter}
	</select>

	<insert id="insertZykcjs" parameterType="Zykcjs">
		INSERT INTO t_b_zykcjs
		(profession_category,
		profession_count,
		profession_aspects,
		profession_leaders,
		profession_contest,
		profession_double,
		profession_project,
		profession_enterprise,
		teacher_public_books,
		teacher_books,
		share_books,
		share_nation_books,
		account_id)
		VALUES
		(#{profession_category},
		#{profession_count},
		#{profession_aspects},
		#{profession_leaders},
		#{profession_contest},
		#{profession_double},
		#{profession_project},
		#{profession_enterprise},
		#{teacher_public_books},
		#{teacher_books},
		#{share_books},
		#{share_nation_books},
		#{account_id})
	</insert>

	<update id="updateZykcjs" parameterType="Zykcjs">
		UPDATE t_b_zykcjs
		SET
		profession_category = #{profession_category},
		profession_count =
		#{profession_count},
		profession_aspects = #{profession_aspects},
		profession_leaders = #{profession_leaders},
		profession_contest =
		#{profession_contest},
		profession_double = #{profession_double},
		profession_project = #{profession_project},
		profession_enterprise =
		#{profession_enterprise},
		teacher_public_books =
		#{teacher_public_books},
		teacher_books = #{teacher_books},
		share_books =
		#{share_books},
		share_nation_books = #{share_nation_books},
		account_id =
		#{account_id}
		WHERE id = #{id}
	</update>

	<select id="getGjhzByAccountId" parameterType="int" resultType="Gjhz">
		SELECT * FROM t_b_gjhz
		WHERE account_id = ${_parameter}
	</select>

	<insert id="insertGjhz" parameterType="Gjhz">
		INSERT INTO t_b_gjhz
		(profession_coop_count,
		profession_coop_course,
		student_total,
		write_books,
		international_contests,
		foreign_students,
		abroad_students,
		foreign_course,
		international_certs,
		foreign_teachers,
		account_id)
		VALUES
		(#{profession_coop_count},
		#{profession_coop_course},
		#{student_total},
		#{write_books},
		#{international_contests},
		#{foreign_students},
		#{abroad_students},
		#{foreign_course},
		#{international_certs},
		#{foreign_teachers},
		#{account_id})
	</insert>

	<update id="updateGjhz" parameterType="Gjhz">
		UPDATE t_b_gjhz
		SET
		profession_coop_count = #{profession_coop_count},
		profession_coop_course = #{profession_coop_course},
		student_total =
		#{student_total},
		write_books = #{write_books},
		international_contests =
		#{international_contests},
		foreign_students = #{foreign_students},
		abroad_students = #{abroad_students},
		foreign_course =
		#{foreign_course},
		international_certs = #{international_certs},
		foreign_teachers = #{foreign_teachers},
		account_id = #{account_id}
		WHERE id = #{id}
	</update>

	<select id="getZjcyxxByAccountId" parameterType="int"
		resultType="Zjcyxx">
		SELECT * FROM t_b_zjcyxx
		WHERE account_id = ${_parameter}
	</select>

	<insert id="insertZjcyxx" parameterType="Zjcyxx">
		INSERT INTO t_b_zjcyxx
		(leader_count,
		leader_enterprise_count,
		leader_school_count,
		leader_profession_count,
		join_count,
		account_id)
		VALUES
		(#{leader_count},
		#{leader_enterprise_count},
		#{leader_school_count},
		#{leader_profession_count},
		#{join_count},
		#{account_id})
	</insert>

	<update id="updateZjcyxx" parameterType="Zjcyxx">
		UPDATE t_b_zjcyxx
		SET
		leader_count = #{leader_count},
		leader_enterprise_count =
		#{leader_enterprise_count},
		leader_school_count =
		#{leader_school_count},
		leader_profession_count =
		#{leader_profession_count},
		join_count = #{join_count},
		account_id =
		#{account_id}
		WHERE id = #{id}
	</update>

	<select id="getXqhzByAccountId" parameterType="int" resultType="Xqhz">
		SELECT * FROM t_b_xqhz
		WHERE account_id = ${_parameter}
	</select>

	<insert id="insertXqhz" parameterType="Xqhz">
		INSERT INTO t_b_xqhz
		(account_id,
		practice_count,
		coop_enterprise_count,
		coop_profession_count,
		coop_ent_pro_count,
		coop_ent_pro_teacher_count,
		coop_course_count,
		coop_ent_funds,
		coop_ent_into_funds,
		coop_ent_device,
		coop_ent_practice_students,
		coop_ent_practice2_students,
		coop_ent_occu_students,
		rd_with_ent_count,
		outer_teacher_base_count)
		VALUES
		(#{account_id},
		#{practice_count},
		#{coop_enterprise_count},
		#{coop_profession_count},
		#{coop_ent_pro_count},
		#{coop_ent_pro_teacher_count},
		#{coop_course_count},
		#{coop_ent_funds},
		#{coop_ent_into_funds},
		#{coop_ent_device},
		#{coop_ent_practice_students},
		#{coop_ent_practice2_students},
		#{coop_ent_occu_students},
		#{rd_with_ent_count},
		#{outer_teacher_base_count})
	</insert>

	<update id="updateXqhz" parameterType="Xqhz">
		UPDATE t_b_xqhz
		SET
		account_id = #{account_id},
		practice_count = #{practice_count},
		coop_enterprise_count = #{coop_enterprise_count},
		coop_profession_count = #{coop_profession_count},
		coop_ent_pro_count = #{coop_ent_pro_count},
		coop_ent_pro_teacher_count = #{coop_ent_pro_teacher_count},
		coop_course_count = #{coop_course_count},
		coop_ent_funds = #{coop_ent_funds},
		coop_ent_into_funds = #{coop_ent_into_funds},
		coop_ent_device = #{coop_ent_device},
		coop_ent_practice_students = #{coop_ent_practice_students},
		coop_ent_practice2_students = #{coop_ent_practice2_students},
		coop_ent_occu_students = #{coop_ent_occu_students},
		rd_with_ent_count = #{rd_with_ent_count},
		outer_teacher_base_count = #{outer_teacher_base_count}
		WHERE id = #{id}
	</update>

</mapper>