<?xml version="1.0" encoding="UTF-8"?>
<!DOCTYPE mapper PUBLIC "-//mybatis.org//DTD Mapper 3.0//EN" 
"http://mybatis.org/dtd/mybatis-3-mapper.dtd">

<mapper namespace="com.hwadee.tb.file.persistence.FileMapper">
	<insert id="insertFileTemplate" parameterType="com.hwadee.tb.file.domain.FileTemplateModel"
		useGeneratedKeys="false" keyProperty="id">
		insert into t_x_filetemplate
		(id,userid,filename,descript,filepath,createdate)
		values
		(#{id},#{userid},#{filename},#{descript},#{filepath},sysdate());
	</insert>

	<delete id="delFileTemplate" parameterType="string">
		delete from  t_x_filetemplate where id=#{_parameter};
	</delete>
	
	<select id="getFileTemplateByid" parameterType="com.hwadee.tb.file.domain.FileTemplateModel"
		resultType="com.hwadee.tb.file.domain.FileTemplateModel">
		SELECT id,userid,filename,descript,filepath,createdate FROM
		t_x_filetemplate WHERE id = #{id};
	</select>

	<resultMap type="com.hwadee.tb.file.domain.FileTemplateModel"
		id="Templatemap">
		<result column="id" property="id" />
		<result column="userid" property="userid" />
		<result column="filename" property="filename" />
		<result column="descript" property="descript" />
		<result column="filepath" property="filepath" />
		<result column="createdate" property="createdate" />
	</resultMap>

	<select id="getFileTemplateModelList" resultMap="Templatemap">
		select
		id,userid,filename,descript,filepath,createdate from t_x_filetemplate;
	</select>

	<!-- 个人文件资料 -->
	<insert id="insertFile" parameterType="com.hwadee.tb.file.domain.FileModel"
		useGeneratedKeys="false" keyProperty="id">
		insert into t_x_file
		(id,userid,filename,descript,filepath,createdate)
		values
		(#{id},#{userid},#{filename},#{descript},#{filepath},sysdate());
	</insert>

	<delete id="delFile" parameterType="string">
		delete from  t_x_file where id=#{_parameter};
	</delete>
	
	<select id="getFileModel" parameterType="com.hwadee.tb.file.domain.FileModel"
		resultType="com.hwadee.tb.file.domain.FileModel">
		SELECT * FROM
		t_x_file WHERE id = #{id};
	</select>

	<resultMap type="com.hwadee.tb.file.domain.FileModel" id="Filemap">
		<result column="id" property="id" />
		<result column="userid" property="userid" />
		<result column="filename" property="filename" />
		<result column="descript" property="descript" />
		<result column="filepath" property="filepath" />
		<result column="createdate" property="createdate" />
	</resultMap>


	<select id="getFileModelList" parameterType="com.hwadee.tb.file.domain.FileModel" resultMap="Filemap">
		select t.id,userid,filename,descript,filepath,createdate,username from t_x_file t
		inner join t_account a on t.userid=a.id 
		<if test="filename!=null">
		where filename like   #{filename,jdbcType=VARCHAR} 
		</if>
		 limit #{startrow},#{pagesize};
	</select>

	<select id="getFileModelCount" parameterType="com.hwadee.tb.file.domain.FileModel" resultMap="Filemap">
		select t.id,userid,filename,descript,filepath,createdate,username from t_x_file t
		inner join t_account a on t.userid=a.id 
		<if test="filename!=null">
		where filename like #{filename,jdbcType=VARCHAR}
		</if> 
		;
	</select>
</mapper>