<?xml version="1.0" encoding="UTF-8"?>
<!DOCTYPE mapper PUBLIC "-//mybatis.org//DTD Mapper 3.0//EN" 
"http://mybatis.org/dtd/mybatis-3-mapper.dtd">

<mapper namespace="com.hwadee.tb.train.persistence.TrainMapper">

	<cache />

	<select id="getTrainByAccountId" parameterType="com.hwadee.tb.train.domain.Train" resultType="com.hwadee.tb.train.domain.Train">
		SELECT * FROM t_pxs
		WHERE account_id = #{account_id} and lexing = #{lexing} and zhuanye = #{zhuanye}
	</select>

	<insert id="insertTrain" parameterType="com.hwadee.tb.train.domain.Train">
		INSERT INTO
		t_pxs
		(lexing,
		zhuanye,
		shixunjidi,
		shixunshi,
		taoshu_count,
		zongzhi_count,
		gongwei_count,
		kecheng,
		kecheng_count,
		keshi_count,
		account_id)
		VALUES
		(#{lexing},
		#{zhuanye},
		#{shixunjidi},
		#{shixunshi},
		#{taoshu_count},
		#{zongzhi_count},
		#{gongwei_count},
		#{kecheng},
		#{kecheng_count},
		#{keshi_count},
		#{account_id});
	</insert>

	<update id="updateTrain" parameterType="com.hwadee.tb.train.domain.Train">
		UPDATE t_pxs
		SET
		lexing =
		#{lexing},
		zhuanye = #{zhuanye},
		shixunjidi = #{shixunjidi},
		shixunshi =
		#{shixunshi},
		taoshu_count = #{taoshu_count},
		zongzhi_count =
		#{zongzhi_count},
		gongwei_count = #{gongwei_count},
		kecheng =
		#{kecheng},
		kecheng_count = #{kecheng_count},
		keshi_count =
		#{keshi_count},
		account_id = #{account_id}
		WHERE id = #{id}
	</update>
	
	<resultMap type="Train" id="TrainList">
		<id column="id" property="id"/>
		<result column="shixunjidi" property="shixunjidi"/>
		<result column="shixunshi" property="shixunshi"/>
	</resultMap>
	
	<select id="getTrainListByAccountId" parameterType="int" resultMap="TrainList">
		SELECT  id, shixunjidi, shixunshi FROM t_pxs where account_id=#{AccountId};
	</select>
	
</mapper>